/* fillTables.sql - insert data into (existing) tables in the DESC service history database */

/******* WARNING: DO NOT change/edit/modify/fold/spindle/mutilate the 
	 	  AUTHID,ROLEID, or GROUPID values of any entry in these tables!  
		  If you do, untold carnage will result. 

		  To add a new row, do so and assign a new ID number.

		  To remove an old row, it is best to simply abandon in place.
*******/

/* Next section imports all DESC names (from the OracleDB) into this UM_MEMBERS table */


DROP TABLE IF EXISTS UM_MEMBER;

CREATE TABLE
    UM_MEMBER(
        MEMIDNUM   INTEGER PRIMARY KEY, 
        FIRSTNAME  VARCHAR2(50) NOT NULL, 
        LASTNAME   VARCHAR2(50) NOT NULL 
    );

.mode csv
.import ./AllNames.txt UM_MEMBER
.mode table
.headers on


/*


/* Authorities are persons or organizations that authorize, organize, and/or manage DESC 'groups' */
INSERT INTO DESC_ORG_AUTHORITIES (AUTHID,AUTHNAME) VALUES (1,'DESC Collaboration Full Members');
INSERT INTO DESC_ORG_AUTHORITIES (AUTHID,AUTHNAME) VALUES (2,'DESC Spokesperson');
INSERT INTO DESC_ORG_AUTHORITIES (AUTHID,AUTHNAME) VALUES (3,'Technical Coordinator');
INSERT INTO DESC_ORG_AUTHORITIES (AUTHID,AUTHNAME) VALUES (4,'Computing and Simulation Coordinator');
INSERT INTO DESC_ORG_AUTHORITIES (AUTHID,AUTHNAME) VALUES (5,'Data Coordinator');
INSERT INTO DESC_ORG_AUTHORITIES (AUTHID,AUTHNAME) VALUES (6,'Analysis Coordinator');
INSERT INTO DESC_ORG_AUTHORITIES (AUTHID,AUTHNAME) VALUES (7,'DESC Operations Manager');
INSERT INTO DESC_ORG_AUTHORITIES (AUTHID,AUTHNAME) VALUES (8,'DESC Collaboration Council');
INSERT INTO DESC_ORG_AUTHORITIES (AUTHID,AUTHNAME) VALUES (10,'External Organization');

/* Generic role titles used within DESC */
INSERT INTO DESC_ORG_ROLES (ROLEID,ROLENAME) VALUES (0,'co-Spokesperson');
INSERT INTO DESC_ORG_ROLES (ROLEID,ROLENAME) VALUES (1,'Spokesperson');
INSERT INTO DESC_ORG_ROLES (ROLEID,ROLENAME) VALUES (2,'Deputy Spokesperson');
INSERT INTO DESC_ORG_ROLES (ROLEID,ROLENAME) VALUES (3,'Coordinator');
INSERT INTO DESC_ORG_ROLES (ROLEID,ROLENAME) VALUES (4,'Deputy Coordinator');
INSERT INTO DESC_ORG_ROLES (ROLEID,ROLENAME) VALUES (5,'Manager');
INSERT INTO DESC_ORG_ROLES (ROLEID,ROLENAME) VALUES (6,'Deputy Manager');
INSERT INTO DESC_ORG_ROLES (ROLEID,ROLENAME) VALUES (7,'Member');
INSERT INTO DESC_ORG_ROLES (ROLEID,ROLENAME) VALUES (8,'Full Member');
INSERT INTO DESC_ORG_ROLES (ROLEID,ROLENAME) VALUES (9,'Convener or co-Convener');
INSERT INTO DESC_ORG_ROLES (ROLEID,ROLENAME) VALUES (10,'Chair or co-Chair');
INSERT INTO DESC_ORG_ROLES (ROLEID,ROLENAME) VALUES (11,'Ombudsperson');
INSERT INTO DESC_ORG_ROLES (ROLEID,ROLENAME) VALUES (12,'Staff');
INSERT INTO DESC_ORG_ROLES (ROLEID,ROLENAME) VALUES (13,'External Liaison');
INSERT INTO DESC_ORG_ROLES (ROLEID,ROLENAME) VALUES (14,'Internal Liaison');

/* ***** DESC Groups ***** */

/* group numbers 1-99: general DESC groups */
/* Legislative Branch (Collaboration Council) */
INSERT INTO DESC_ORG_GROUPS (GROUPID,GROUPNAME,GROUPABBRV,AUTHID,GROUPSTART,GROUPEND,NOTES) VALUES (1,'Collaboration Council','CC',1,'2014-10-01','',''); 
INSERT INTO DESC_ORG_GROUPS (GROUPID,GROUPNAME,GROUPABBRV,AUTHID,GROUPSTART,GROUPEND,NOTES) VALUES (2,'Executive Board','',8,'2012-06-15','2015-06-30','Recast as Advisory Board'); 
INSERT INTO DESC_ORG_GROUPS (GROUPID,GROUPNAME,GROUPABBRV,AUTHID,GROUPSTART,GROUPEND,NOTES) VALUES (3,'Advisory Board','',8,'2015-07-01','',''); 
INSERT INTO DESC_ORG_GROUPS (GROUPID,GROUPNAME,GROUPABBRV,AUTHID,GROUPSTART,GROUPEND,NOTES) VALUES (4,'Operations Committee','',2,'2016-03-01','',''); 
INSERT INTO DESC_ORG_GROUPS (GROUPID,GROUPNAME,GROUPABBRV,AUTHID,GROUPSTART,GROUPEND,NOTES) VALUES (5,'Speakers Bureau','',8,'2021-10-03','',''); 
INSERT INTO DESC_ORG_GROUPS (GROUPID,GROUPNAME,GROUPABBRV,AUTHID,GROUPSTART,GROUPEND,NOTES) VALUES (6,'Publication Board','',8,'2016-10-01','',''); 
INSERT INTO DESC_ORG_GROUPS (GROUPID,GROUPNAME,GROUPABBRV,AUTHID,GROUPSTART,GROUPEND,NOTES) VALUES (7,'Membership Committee','',8,'2015-03-03','',''); 
INSERT INTO DESC_ORG_GROUPS (GROUPID,GROUPNAME,GROUPABBRV,AUTHID,GROUPSTART,GROUPEND,NOTES) VALUES (8,'Meetings Committee','MC',8,'2015-07-01','',''); 
INSERT INTO DESC_ORG_GROUPS (GROUPID,GROUPNAME,GROUPABBRV,AUTHID,GROUPSTART,GROUPEND,NOTES) VALUES (9,'International Resources Committee','IRC',8,'2012-06-15','','non-DESC people; not tracked'); 
INSERT INTO DESC_ORG_GROUPS (GROUPID,GROUPNAME,GROUPABBRV,AUTHID,GROUPSTART,GROUPEND,NOTES) VALUES (10,'Equity Diversity and Inclusion Committee','',8,'2021-08-03','',''); 
INSERT INTO DESC_ORG_GROUPS (GROUPID,GROUPNAME,GROUPABBRV,AUTHID,GROUPSTART,GROUPEND,NOTES) VALUES (11,'Mentoring Committee','',2,'','',''); 
INSERT INTO DESC_ORG_GROUPS (GROUPID,GROUPNAME,GROUPABBRV,AUTHID,GROUPSTART,GROUPEND,NOTES) VALUES (12,'Spokesperson Nominating Committee','SNC',8,'','','created every two years'); 
INSERT INTO DESC_ORG_GROUPS (GROUPID,GROUPNAME,GROUPABBRV,AUTHID,GROUPSTART,GROUPEND,NOTES) VALUES (13,'Junior DESC Organization','JuDO',8,'','',''); 
INSERT INTO DESC_ORG_GROUPS (GROUPID,GROUPNAME,GROUPABBRV,AUTHID,GROUPSTART,GROUPEND,NOTES) VALUES (14,'ad-hoc Meetings Accessibility Committee','MAC',8,'2020-03-01','2021-05-01','one year charter'); 
INSERT INTO DESC_ORG_GROUPS (GROUPID,GROUPNAME,GROUPABBRV,AUTHID,GROUPSTART,GROUPEND,NOTES) VALUES (15,'Collaboration Council Nominating Committee','CCNC',8,'','','created every year'); 
INSERT INTO DESC_ORG_GROUPS (GROUPID,GROUPNAME,GROUPABBRV,AUTHID,GROUPSTART,GROUPEND,NOTES) VALUES (16,'Scientific/Local Organizing Committee','SOC/LOC',8,'','','created every collab mtg'); 
INSERT INTO DESC_ORG_GROUPS (GROUPID,GROUPNAME,GROUPABBRV,AUTHID,GROUPSTART,GROUPEND,NOTES) VALUES (17,'Publications Committee','',8,'2016-03-01','2016-09-30',''); 

/* Executive Branch (Spokesperson) */
INSERT INTO DESC_ORG_GROUPS (GROUPID,GROUPNAME,GROUPABBRV,AUTHID,GROUPSTART,GROUPEND,NOTES) VALUES (20,'Office of the Spokesperson','SP',1,'2012-06-15','',''); 
INSERT INTO DESC_ORG_GROUPS (GROUPID,GROUPNAME,GROUPABBRV,AUTHID,GROUPSTART,GROUPEND,NOTES) VALUES (21,'Management Team','',2,'2012-06-15','','');
INSERT INTO DESC_ORG_GROUPS (GROUPID,GROUPNAME,GROUPABBRV,AUTHID,GROUPSTART,GROUPEND,NOTES) VALUES (22,'Technical Working Groups','',2,'2012-06-15','','');
INSERT INTO DESC_ORG_GROUPS (GROUPID,GROUPNAME,GROUPABBRV,AUTHID,GROUPSTART,GROUPEND,NOTES) VALUES (23,'Computing/Simulation Working Groups','',2,'2012-06-15','','');
INSERT INTO DESC_ORG_GROUPS (GROUPID,GROUPNAME,GROUPABBRV,AUTHID,GROUPSTART,GROUPEND,NOTES) VALUES (24,'Analysis Working Groups','',2,'2012-06-15','','');
INSERT INTO DESC_ORG_GROUPS (GROUPID,GROUPNAME,GROUPABBRV,AUTHID,GROUPSTART,GROUPEND,NOTES) VALUES (25,'Operations','OPS',2,'2016-03-01','',''); 
INSERT INTO DESC_ORG_GROUPS (GROUPID,GROUPNAME,GROUPABBRV,AUTHID,GROUPSTART,GROUPEND,NOTES) VALUES (26,'Data Working Groups','',2,'2019-07-01','2021-06-30','');

/* Judicial Branch (Ombudsman) */
INSERT INTO DESC_ORG_GROUPS (GROUPID,GROUPNAME,GROUPABBRV,AUTHID,GROUPSTART,GROUPEND,NOTES) VALUES (30,'Office of the Ombuds','',8,'2016-03-01','','Appointed by the CC'); 

/* External Liaisons */
INSERT INTO DESC_ORG_GROUPS (GROUPID,GROUPNAME,GROUPABBRV,AUTHID,GROUPSTART,GROUPEND,NOTES) VALUES (40,'Liaison: Rubin Observatory project and facility','',8,'','','history not tracked'); 
INSERT INTO DESC_ORG_GROUPS (GROUPID,GROUPNAME,GROUPABBRV,AUTHID,GROUPSTART,GROUPEND,NOTES) VALUES (41,'Liaison: High Performance Computing resources','',8,'','','history not tracked'); 
INSERT INTO DESC_ORG_GROUPS (GROUPID,GROUPNAME,GROUPABBRV,AUTHID,GROUPSTART,GROUPEND,NOTES) VALUES (42,'Liaison: Other Science Projects','',8,'','','history not tracked'); 



/* group numbers 100-199 Working Groups */
INSERT INTO DESC_ORG_GROUPS (GROUPID,GROUPNAME,GROUPABBRV,AUTHID,GROUPSTART,GROUPEND,NOTES) VALUES (101,'Blending Working Group','BL',3,'','',''); 
INSERT INTO DESC_ORG_GROUPS (GROUPID,GROUPNAME,GROUPABBRV,AUTHID,GROUPSTART,GROUPEND,NOTES) VALUES (102,'Photometric Corrections/Calibrations Working Group','PC',3,'2012-06-15','',''); 
INSERT INTO DESC_ORG_GROUPS (GROUPID,GROUPNAME,GROUPABBRV,AUTHID,GROUPSTART,GROUPEND,NOTES) VALUES (103,'Point Spread Function Working Group','PSF',3,'','',''); 
INSERT INTO DESC_ORG_GROUPS (GROUPID,GROUPNAME,GROUPABBRV,AUTHID,GROUPSTART,GROUPEND,NOTES) VALUES (104,'Sensor Anomalies Working Group','SA',3,'2015-10-01','',''); 

INSERT INTO DESC_ORG_GROUPS (GROUPID,GROUPNAME,GROUPABBRV,AUTHID,GROUPSTART,GROUPEND,NOTES) VALUES (105,'Computing Working Group','CO',4,'','','');
INSERT INTO DESC_ORG_GROUPS (GROUPID,GROUPNAME,GROUPABBRV,AUTHID,GROUPSTART,GROUPEND,NOTES) VALUES (106,'Cosmological and Survey Sims Working Group','CSS',4,'2021-01-03','','');
INSERT INTO DESC_ORG_GROUPS (GROUPID,GROUPNAME,GROUPABBRV,AUTHID,GROUPSTART,GROUPEND,NOTES) VALUES (107,'Science Release and Validation Working Group','SRV',4,'','','');

INSERT INTO DESC_ORG_GROUPS (GROUPID,GROUPNAME,GROUPABBRV,AUTHID,GROUPSTART,GROUPEND,NOTES) VALUES (108,'Dark Matter Working Group','DM',6,'','',''); 
INSERT INTO DESC_ORG_GROUPS (GROUPID,GROUPNAME,GROUPABBRV,AUTHID,GROUPSTART,GROUPEND,NOTES) VALUES (109,'External Synergies Working Group','ES',6,'','',''); 
INSERT INTO DESC_ORG_GROUPS (GROUPID,GROUPNAME,GROUPABBRV,AUTHID,GROUPSTART,GROUPEND,NOTES) VALUES (110,'Photometric Redshifts Working Group','PZ',6,'2012-06-15','',''); 
INSERT INTO DESC_ORG_GROUPS (GROUPID,GROUPNAME,GROUPABBRV,AUTHID,GROUPSTART,GROUPEND,NOTES) VALUES (111,'Theory & Joint Probes Working Group','MCP',6,'2012-06-15','',''); 
INSERT INTO DESC_ORG_GROUPS (GROUPID,GROUPNAME,GROUPABBRV,AUTHID,GROUPSTART,GROUPEND,NOTES) VALUES (112,'Galaxy Clusters Working Group','CL',6,'2012-06-15','',''); 
INSERT INTO DESC_ORG_GROUPS (GROUPID,GROUPNAME,GROUPABBRV,AUTHID,GROUPSTART,GROUPEND,NOTES) VALUES (113,'Large Scale Structure Working Group','LSS',6,'2012-06-15','',''); 
INSERT INTO DESC_ORG_GROUPS (GROUPID,GROUPNAME,GROUPABBRV,AUTHID,GROUPSTART,GROUPEND,NOTES) VALUES (114,'Strong Lensing Working Group','SL',6,
       	    		    '2012-06-15','2021-07-01','Merged into TD WG as a Topical Team'); 
INSERT INTO DESC_ORG_GROUPS (GROUPID,GROUPNAME,GROUPABBRV,AUTHID,GROUPSTART,GROUPEND,NOTES) VALUES (115,'Supernovae Working Group','SN',6,
       	    		    '2012-06-15','2021-07-01','Merged into TD WG as a Topical Team'); 
INSERT INTO DESC_ORG_GROUPS (GROUPID,GROUPNAME,GROUPABBRV,AUTHID,GROUPSTART,GROUPEND,NOTES) VALUES (116,'Time Domain Working Group','TD',6,
       	    		    '2021-07-01','','Created from merge of SL and SN WGs'); 
INSERT INTO DESC_ORG_GROUPS (GROUPID,GROUPNAME,GROUPABBRV,AUTHID,GROUPSTART,GROUPEND,NOTES) VALUES (117,'Weak Lensing Working Group','WL',6,'2012-06-15','',''); 
INSERT INTO DESC_ORG_GROUPS (GROUPID,GROUPNAME,GROUPABBRV,AUTHID,GROUPSTART,GROUPEND,NOTES) VALUES (118,'Observing Stategy Working Group','OS',6,'','','');

/*        Old working groups */
INSERT INTO DESC_ORG_GROUPS (GROUPID,GROUPNAME,GROUPABBRV,AUTHID,GROUPSTART,GROUPEND,NOTES) VALUES (119,'Cosmology Simulations Working Group','CS',4,
       	    		    '2012-06-15','2021-01-03','merged into CSS');
INSERT INTO DESC_ORG_GROUPS (GROUPID,GROUPNAME,GROUPABBRV,AUTHID,GROUPSTART,GROUPEND,NOTES) VALUES (120,'Survey Simulations Working Group','SS',4,
       	    		    '2012-06-15','2021-01-03','merged into CSS');
INSERT INTO DESC_ORG_GROUPS (GROUPID,GROUPNAME,GROUPABBRV,AUTHID,GROUPSTART,GROUPEND,NOTES) VALUES (121,'Governance Working Group','',2,
       	    		    '2012-06-15','2013-06-30','(voting members of Executive Board)');
INSERT INTO DESC_ORG_GROUPS (GROUPID,GROUPNAME,GROUPABBRV,AUTHID,GROUPSTART,GROUPEND,NOTES) VALUES (122,'Computing Infrastructure Working Group','CI',4,'2012-06-15','','Merged into Computing');
INSERT INTO DESC_ORG_GROUPS (GROUPID,GROUPNAME,GROUPABBRV,AUTHID,GROUPSTART,GROUPEND,NOTES) VALUES (123,'Software Working Group','',4,'2012-06-15','2015-06-30','Merged into Computing');
INSERT INTO DESC_ORG_GROUPS (GROUPID,GROUPNAME,GROUPABBRV,AUTHID,GROUPSTART,GROUPEND,NOTES) VALUES (124,'Photon Simulator Working Group','',4,'2012-06-15','2015-06-30','Converted to Survey Sim');
INSERT INTO DESC_ORG_GROUPS (GROUPID,GROUPNAME,GROUPABBRV,AUTHID,GROUPSTART,GROUPEND,NOTES) VALUES (125,'Analysis-Computing Liaison Working Group','',4,'2012-06-15','2015-06-30','');

INSERT INTO DESC_ORG_GROUPS (GROUPID,GROUPNAME,GROUPABBRV,AUTHID,GROUPSTART,GROUPEND,NOTES) VALUES (126,'System Throughput Working Group','2015-06-30',3,'2012-06-15','','');
INSERT INTO DESC_ORG_GROUPS (GROUPID,GROUPNAME,GROUPABBRV,AUTHID,GROUPSTART,GROUPEND,NOTES) VALUES (127,'Image Processing Pipelines Working Group','',3,'2012-06-15','2015-06-30','');
INSERT INTO DESC_ORG_GROUPS (GROUPID,GROUPNAME,GROUPABBRV,AUTHID,GROUPSTART,GROUPEND,NOTES) VALUES (128,'Image Quality Working Group','',3,'2012-06-15','2015-06-30','');
INSERT INTO DESC_ORG_GROUPS (GROUPID,GROUPNAME,GROUPABBRV,AUTHID,GROUPSTART,GROUPEND,NOTES) VALUES (129,'Science Ops and Calibration Working Group','',3,'2012-06-15','','');
INSERT INTO DESC_ORG_GROUPS (GROUPID,GROUPNAME,GROUPABBRV,AUTHID,GROUPSTART,GROUPEND,NOTES) VALUES (130,'Image Processing Algorithms Working Group','',3,'2013-02-03','2015-06-30','Renamed Image Processing Pipelines?');





/* group numbers 200-299 Topical Teams */
INSERT INTO DESC_ORG_GROUPS (GROUPID,GROUPNAME,GROUPABBRV,AUTHID,GROUPSTART,GROUPEND,NOTES) VALUES (201,'Alerts Topical Team','',2,'','','');
INSERT INTO DESC_ORG_GROUPS (GROUPID,GROUPNAME,GROUPABBRV,AUTHID,GROUPSTART,GROUPEND,NOTES) VALUES (202,'Bayesian Pipelines Topical Team','',2,'','','');
INSERT INTO DESC_ORG_GROUPS (GROUPID,GROUPNAME,GROUPABBRV,AUTHID,GROUPSTART,GROUPEND,NOTES) VALUES (203,'Beyond wCDM Topical Team','',2,'','','');
INSERT INTO DESC_ORG_GROUPS (GROUPID,GROUPNAME,GROUPABBRV,AUTHID,GROUPSTART,GROUPEND,NOTES) VALUES (204,'Blending Toolkit Topical Team','',2,'','','');
INSERT INTO DESC_ORG_GROUPS (GROUPID,GROUPNAME,GROUPABBRV,AUTHID,GROUPSTART,GROUPEND,NOTES) VALUES (205,'Blind Analysis Topical Team','',2,'','','');
INSERT INTO DESC_ORG_GROUPS (GROUPID,GROUPNAME,GROUPABBRV,AUTHID,GROUPSTART,GROUPEND,NOTES) VALUES (206,'Cluster Weak Lensing Mass Modeling Topical Team','',2,'','','');
INSERT INTO DESC_ORG_GROUPS (GROUPID,GROUPNAME,GROUPABBRV,AUTHID,GROUPSTART,GROUPEND,NOTES) VALUES (207,'Core Cosmology Library Topical Team','CLL',2,'','','');
INSERT INTO DESC_ORG_GROUPS (GROUPID,GROUPNAME,GROUPABBRV,AUTHID,GROUPSTART,GROUPEND,NOTES) VALUES (208,'Difference Imaging Analysis Topical Team','DIA',2,'','','');
INSERT INTO DESC_ORG_GROUPS (GROUPID,GROUPNAME,GROUPABBRV,AUTHID,GROUPSTART,GROUPEND,NOTES) VALUES (209,'Higher Order Statistics Topical Team','HOS',2,'','','');
INSERT INTO DESC_ORG_GROUPS (GROUPID,GROUPNAME,GROUPABBRV,AUTHID,GROUPSTART,GROUPEND,NOTES) VALUES (210,'imSim Topical Team','',2,'','','');
INSERT INTO DESC_ORG_GROUPS (GROUPID,GROUPNAME,GROUPABBRV,AUTHID,GROUPSTART,GROUPEND,NOTES) VALUES (211,'Intrinsic Alignments Topical Team','',2,'','','');
INSERT INTO DESC_ORG_GROUPS (GROUPID,GROUPNAME,GROUPABBRV,AUTHID,GROUPSTART,GROUPEND,NOTES) VALUES (212,'Redshift Assessment Infrastructure Layers Topical Team','RAIL',2,'','','');
INSERT INTO DESC_ORG_GROUPS (GROUPID,GROUPNAME,GROUPABBRV,AUTHID,GROUPSTART,GROUPEND,NOTES) VALUES (213,'Strong Lensing Topical Team','SL',2,'','','');
INSERT INTO DESC_ORG_GROUPS (GROUPID,GROUPNAME,GROUPABBRV,AUTHID,GROUPSTART,GROUPEND,NOTES) VALUES (214,'Supernova Machine Learning Topical Team','',2,'','','');
INSERT INTO DESC_ORG_GROUPS (GROUPID,GROUPNAME,GROUPABBRV,AUTHID,GROUPSTART,GROUPEND,NOTES) VALUES (215,'TJPCov Topical Team','',2,'','','');


/* group numbers 300-399 Task Forces */
INSERT INTO DESC_ORG_GROUPS (GROUPID,GROUPNAME,GROUPABBRV,AUTHID,GROUPSTART,GROUPEND,NOTES) VALUES (301,'Commissioning Task Force','COM',3,'','',''); 
INSERT INTO DESC_ORG_GROUPS (GROUPID,GROUPNAME,GROUPABBRV,AUTHID,GROUPSTART,GROUPEND,NOTES) VALUES (302,'Followup Task Force','FTF',3,'2018-11-01','2019-09-01','Transitioned to the ES WG'); 


